SKILL_ID,CREATED_AT,CREATED_BY,DELETED_AT,DELETED_BY,IS_DELETED,MAPPING,ROLE_NAME,SKILL_CATEGORY,SKILL_DESCRIPTION,SKILL_NAME,SKILL_BUCKET,SIMILAR_SKILL_IDS,LIGHTCAST_ID
57,,,,,0,Specialized Skill,,Accounting and Finance Software,"Chargify is a billing platform designed for businesses to automate their recurring and subscription-based billing processes. The platform allows businesses to create and manage products or services, set up flexible and customizable billing plans, and view real-time customer data and transactions. Chargify also provides a range of integrations with third-party applications, making it easier for businesses to manage their customer relationships and invoicing.",Chargify (Billing Platform),technical,,
4,,,,,0,Specialized Skill,,Account Management,"Account development is the process of building stronger relationships with existing clients by identifying their needs, understanding their goals, and creating solutions tailored to their needs. It requires specialized knowledge and skills in communication, negotiation, and relationship-building. The goal of account development is to increase the value of existing client relationships and generate repeat business.",Account Development,technical,,
74,,,,,0,Specialized Skill,,Accounting and Finance Software,"Microsoft Forecaster is a financial planning and budgeting software that includes features for forecasting financial performance, creating budgets, and generating financial reports. It is designed for businesses of all sizes and integrates easily with other Microsoft applications such as Excel and Dynamics GP. With Microsoft Forecaster, users can streamline their financial planning processes, improve accuracy, and make more informed business decisions. It requires specialized skill to operate effectively.",Microsoft Forecaster,technical,,
79,,,,,0,Specialized Skill,,Accounting and Finance Software,"Oracle Financial Services Applications (OFSA) is a suite of pre-built software applications for financial institutions to manage their financial and risk-related activities. This includes modules for general ledger, accounting, budgeting, forecasting, asset and liability management, and risk management. OFSA is designed to help financial institutions reduce the cost and complexity of managing financial data, improve accuracy and timeliness of financial reporting, and comply with regulatory requirements. It is built on top of the Oracle database platform and can be customized to meet specific needs.",Oracle Financial Services Applications (OFSA),technical,,
85,,,,,0,Specialized Skill,,Accounting and Finance Software,"PeopleSoft Enterprise Receivables is a specialized software skill that involves working with software systems to manage and track accounts receivable for a business. This software allows users to process and manage customer payments, track payment history, and generate reports to analyze payment trends and identify areas where improvements can be made. It is an important skill for accounting and finance professionals who need to manage financial transactions and ensure accurate, timely revenue collection.",PeopleSoft Enterprise Receivables,technical,,
90,,,,,0,Specialized Skill,,Accounting and Finance Software,"PeopleSoft Payables refers to a financial management module within the PeopleSoft software suite that facilitates the management of accounts payable processes. This skill encompasses the ability to process vendor invoices, manage payment schedules, and ensure compliance with financial regulations. Knowledge of Peoplesoft Payables is used to streamline financial operations, enhance accuracy in payment processing, and maintain effective vendor relationships through timely and organized financial transactions.",PeopleSoft Payables,technical,,
94,,,,,0,Specialized Skill,,Accounting and Finance Software,"Quicken is an accounting software program designed for personal and small business use. It manages financial accounts, tracks expenses and income, creates customized budgets and reports, and helps with tax preparation. Quicken also has features for investment tracking and property management, making it a versatile tool for managing finances. A specialized skill in Quicken involves being familiar with its various features and how to use them effectively to optimize financial management.",Quicken (Accounting Software),functional,,
95,,,,,0,Specialized Skill,,Accounting and Finance Software,"Sage Accounting Software is a specialized software designed to manage financial transactions and tasks, such as invoicing, budgeting, payroll, and financial reporting. It is mainly used by small and medium-sized businesses to automate their financial management processes, enhance accuracy, and optimize overall productivity. The software offers various features such as cloud-based storage, multiple users access, real-time data analysis, and customizable reports, making it a reliable tool for managing finances.",Sage Accounting Software,functional,,
96,,,,,0,Specialized Skill,,Accounting and Finance Software,"SAP AA (Asset Accounting) is a specialized software skill that involves managing and tracking fixed assets within an organization. It includes tasks such as acquisition, depreciation, retirement, and periodic valuation of assets. SAP AA helps organizations with financial planning, budgeting, and compliance reporting. Proficiency in SAP AA requires knowledge of accounting principles, SAP software modules, and advanced reporting and analysis tools.",SAP AA,technical,,
97,,,,,0,Specialized Skill,,Accounting and Finance Software,"SAP Financial Services is a software platform designed to streamline financial management processes within organizations, such as banking, insurance, and financial planning. The software is capable of managing financial transactions, analyzing performance data, and producing financial reports, all in real time. It enables businesses to improve financial decision-making, reduce costs, and gain a competitive advantage in the marketplace.",SAP Financial Services,technical,,
98,,,,,0,Specialized Skill,,Accounting and Finance Software,"Siebel Finance is a specialized software that is designed to help financial institutions, such as banks and insurance companies, manage their customer data and operations more efficiently. It provides a comprehensive suite of tools for managing customer accounts, tracking transactions, and automating processes such as loan applications and insurance claims. This software allows financial institutions to streamline their operations, reduce costs, and improve customer satisfaction.",Siebel Finance,technical,,
99,,,,,0,Specialized Skill,,Accounting and Finance Software,"Rapport Loan Origination System is a software used in financial institutions to manage and streamline the loan application and approval process. It includes features such as application submission, credit checks, documentation management, underwriting, and loan decision-making. It helps businesses to make the loan origination process more efficient, reduces errors, and improves customer experience. Knowledge of this software is considered a specialized skill in the finance industry.",Rapport Loan Origination System,technical,,
100,,,,,0,Specialized Skill,,Accounting and Finance Software,"Tally System refers to the skill of using Tally software for accounting and financial management. This skill involves managing transactions, maintaining financial records, generating reports, and performing audits through the Tally platform. It enables accurate tracking of financial data, streamlined bookkeeping, and efficient handling of accounts payable and receivable.",Tally System,technical,,
101,,,,,0,Specialized Skill,,Accounting and Finance Software,"Audit Command Language (ACL) is a software tool used for data analysis in auditing, finance, and accounting. It allows users to import, manipulate, and analyze large amounts of data from various sources, including databases and spreadsheets. ACL is commonly used to detect and prevent fraud, identify errors and inconsistencies in financial data, and provide insights to improve business processes. To use ACL effectively, users need to have a strong understanding of data analysis and be familiar with SQL and programming concepts.",Galvanize (Software),functional,,
102,,,,,0,Specialized Skill,,Accounting and Finance Software,"eMagic is a specialized mortgage software designed to streamline the mortgage process. It helps lenders manage loans, track borrowers' credit history, and automate tasks related to loan origination, underwriting, and processing. The software also has features for compliance and risk management.",eMagic (Mortgage Software),functional,,
103,,,,,0,Specialized Skill,,Accounting and Finance Software,"AMT Asset Management Software is a specialized software designed to help individuals and organizations track and manage their assets. It enables users to keep track of asset locations, maintenance schedules, and depreciation values, among other features. With AMT Asset Management Software, users can improve their asset utilization, reduce downtime, and improve decision-making. It is a highly sought-after skill among professionals working in the fields of finance, IT, and logistics.",AMT Asset Management Software,functional,,
104,,,,,0,Specialized Skill,,Accounting and Finance Software,"Profit Center Accounting is a module within SAP software that assists organizations in managing and analyzing the performance of their profit centers. It allows organizations to track revenues, expenses, and profits by individual departments or divisions. This information helps organizations make informed management decisions and optimize business processes. Proficiency in Profit Center Accounting requires knowledge of accounting principles, financial analysis, and familiarity with SAP software.",Profit Center Accounting,technical,,
105,,,,,0,Specialized Skill,,Accounting and Finance Software,"UltraTax is a professional tax preparation software developed by Thomson Reuters that supports a wide range of tax forms and schedules for individuals, businesses, estates, and trusts. It allows tax professionals to efficiently prepare and file accurate tax returns for their clients, as well as provide tax planning and other advisory services. UltraTax also offers integration with other Thomson Reuters products, such as accounting and document management software.",UltraTax,technical,,
106,,,,,0,Certification,,Accounting and Finance Software,"QuickBooks Certification is a program designed to certify individuals in their knowledge and expertise in using QuickBooks accounting software. This certification can help individuals demonstrate their competence to potential employers or clients in the field of accounting or bookkeeping. The program is offered by Intuit, the makers of QuickBooks, and consists of a series of tests that assess the individual's proficiency in using the software.",QuickBooks Certification,technical,,
107,,,,,0,Certification,,Accounting and Finance Software,"FINRA Series 30 (NFA Branch Manager) certification validates proficiency in regulatory oversight and compliance for branch operations within the financial services industry. Holders of this certification demonstrate expertise in managing the activities of branch offices to ensure compliance with National Futures Association (NFA) regulations. They are responsible for supervising branch staff, overseeing customer accounts, and ensuring that all activities adhere to industry standards and legal requirements.",FINRA Series 30 (NFA Branch Manager),technical,,
108,,,,,0,Specialized Skill,,Accounting and Finance Software,"Oracle Fusion Cloud Financials is a comprehensive, integrated suite of applications designed to manage and streamline financial processes. This skill involves proficiency in using this cloud-based software for financial management, including general ledger, accounts payable, accounts receivable, fixed assets, and cash management. It also includes expertise in financial reporting and analytics, budgeting, forecasting, and project financial management. Mastery of Oracle Fusion Cloud Financials requires understanding of financial concepts, cloud technology, and Oracle's specific software interface.",Oracle Fusion Cloud Financials,technical,,
109,,,,,0,Specialized Skill,,Accounting and Finance Software,"ARGO BankPro is a banking software skill that involves proficiency in using the ARGO BankPro platform. It includes understanding of its functionalities such as transaction processing, customer service management, and fraud detection. The skill also involves the ability to integrate the software with other banking systems, troubleshoot issues, and optimize its use for improved banking operations. Knowledge of regulatory compliance within the software is also a part of this skill.",ARGO BankPro,technical,,
110,,,,,0,Specialized Skill,,Accounting and Finance Software,"ACL Analytics (Audit Command Language) is a data analysis software skill, enabling professionals to conduct in-depth data analysis, identify anomalies, and generate detailed reports. It involves proficiency in data extraction, data cleansing, data transformation, and data visualization. Key competencies include understanding of audit workflows, ability to automate complex processes, and expertise in risk assessment. Knowledge of ACL scripting language for custom analytics is also crucial.",Galvanize ACL Analytics,technical,,
111,,,,,0,Specialized Skill,,Accounting and Finance Software,"Vendavo (Software) skill refers to the ability to effectively use and manage Vendavo, a leading price management and optimization software. It involves understanding its functionalities such as price segmentation, deal management, and price setting. Proficiency in Vendavo includes the ability to analyze pricing data, generate pricing strategies, and implement price changes. This skill also encompasses the ability to troubleshoot issues, customize the software to meet business needs, and train others on its use. Knowledge of integrating Vendavo with other systems like ERP or CRM is also part of this skill.",Vendavo (Software),functional,,
112,,,,,0,Specialized Skill,,Accounting and Finance Software,"Softrax (Software) skill refers to the ability to effectively use and manage Softrax, a leading revenue recognition and enterprise billing software. It involves understanding its functionalities such as automated revenue recognition, contract management, and billing solutions. Proficiency in Softrax includes the ability to streamline complex financial processes, ensure compliance with revenue recognition regulations, and generate detailed financial reports. This skill is crucial for financial professionals, particularly in industries with complex revenue recognition rules.",Softrax (Software),functional,,
113,,,,,0,Specialized Skill,,Accounting and Finance Software,"Smartstream (Software) skill refers to the ability to effectively use and manage Smartstream applications, a suite of financial software solutions. It involves understanding the software's functionalities such as transaction lifecycle management, reconciliations, cash management, and corporate actions. Proficiency in Smartstream also includes troubleshooting issues, customizing features to meet business needs, and integrating the software with other systems for seamless financial operations.",Smartstream (Software),functional,,
114,,,,,0,Specialized Skill,,Accounting and Finance Software,"Apptio (Financial Software) skill refers to the ability to effectively use and manage Apptio's suite of financial management tools. This includes proficiency in IT financial management, cloud cost management, and business insights. It involves understanding how to leverage Apptio's software for budgeting, forecasting, variance analysis, and cost transparency. The skill also requires knowledge of Apptio's data and analytics capabilities to drive strategic decision-making and optimize IT investments.",Apptio (Financial Software),functional,,
115,,,,,0,Specialized Skill,,Accounting and Finance Software,"FIS GetPaid (Accounts Receivable Software) skill refers to the ability to effectively use and manage this advanced receivables management software. It involves proficiency in automating and streamlining the accounts receivable process, enhancing cash flow, reducing bad debt, and improving operational efficiency. Key aspects include credit risk assessment, payment processing, dispute resolution, and comprehensive reporting. Mastery of this skill also entails understanding of its AI-driven analytics for strategic decision-making and customer relationship management.",FIS GetPaid (Accounts Receivable Software),functional,,
116,,,,,0,Specialized Skill,,Accounting and Finance Software,"FirstStrike (Financial Software) skill refers to the ability to effectively use and navigate the FirstStrike financial software. This includes understanding its features for financial analysis, risk management, and data visualization. Proficiency in this skill involves data input, interpreting financial reports, troubleshooting software issues, and customizing the software to meet specific financial management needs. It also requires staying updated with software upgrades and enhancements. This skill is crucial for financial analysts, accountants, and other finance professionals.",FirstStrike (Financial Software),functional,,
117,,,,,0,Specialized Skill,,Accounting and Finance Software,"Esker (Software) skill refers to the ability to effectively use and manage Esker's suite of automation software. This includes proficiency in automating and streamlining business processes such as order processing, accounts payable, and accounts receivable. It also involves understanding of Esker's AI-driven data recognition, predictive analytics, and electronic workflow capabilities. Mastery of Esker (Software) skill also entails the ability to integrate Esker's solutions with existing ERP systems, ensuring seamless data exchange and enhanced operational efficiency.",Esker (Software),functional,,
118,,,,,0,Specialized Skill,,Accounting and Finance Software,"Duck Creek Platform (Software) skill refers to the ability to use and navigate the Duck Creek Suite, a comprehensive, modular SaaS solution for the insurance industry. It includes proficiency in policy administration, rating, billing, claims, data insights, digital engagement, and other insurance processes. This skill also involves understanding the platform's architecture, configuration, and integration with other systems. Knowledge of Duck Creek's tools for product definition, rules, and rating is also part of this skill.",Duck Creek Platform (Software),functional,,
119,,,,,0,Specialized Skill,,Accounting and Finance Software,"Finacle (Software) skill refers to the ability to effectively use and manage Finacle, a core banking solution developed by Infosys. It involves understanding its modules for retail, corporate, treasury, and wealth management, among others. Proficiency in Finacle includes executing banking operations, managing customer relationships, and handling financial transactions. It also requires knowledge of its digital engagement suite for seamless online banking services. Mastery of Finacle's analytics and reporting tools for data-driven decision-making is also part of this skill.",Finacle (Software),functional,,
120,,,,,0,Specialized Skill,,Accounting and Finance Software,"Legal Spend Management involves the strategic planning, tracking, and controlling of a company's legal expenses. This skill requires proficiency in budgeting, financial analysis, and cost optimization strategies. It also necessitates understanding of legal services pricing models, negotiation techniques, and legal operations. Professionals with this skill are adept at implementing legal technology solutions, conducting vendor management, and ensuring compliance with financial regulations. They play a crucial role in reducing unnecessary legal costs, improving efficiency, and enhancing the value of legal services.",Legal Spend Management,technical,,
122,,,,,0,Specialized Skill,,Accounts Payable and Receivable,"Premium Collection refers to the process of gathering and curating high-value items or assets that are distinguished by their quality, rarity, or desirability. This skill involves assessing the market, identifying potential acquisitions, and managing the collection to enhance its overall value and appeal. Knowledge of Premium Collection is utilized to make informed decisions regarding purchases, sales, and preservation of items, ensuring the collection remains relevant and sought after.",Premium Collection,technical,,
123,,,,,0,Specialized Skill,,Accounts Payable and Receivable,"Cash disbursement is the process of paying money to suppliers, employees, creditors or other parties on behalf of a company. It involves various tasks such as reviewing invoices, authorizing payments, preparing checks or electronic transfers, reconciling accounts and maintaining accurate records. Effective cash disbursement requires specialized skills in financial management, accounting, banking, and technology. A company that can efficiently manage its cash disbursement processes can improve its cash flow, reduce fraud and errors, and strengthen its relationships with stakeholders.",Cash Disbursement,technical,,
124,,,,,0,Specialized Skill,,Accounts Payable and Receivable,"Corporate accounts payable is a critical function in any business. It involves managing the payment of invoices, bills, and expenses for the company. This requires specialized skills such as attention to detail, organizational ability, and a deep understanding of accounting principles. Effective accounts payable management enables businesses to optimize cash flow, maintain strong relationships with suppliers, and avoid financial risks.",Corporate Accounts Payable,behavioral,,
125,,,,,0,Specialized Skill,,Accounts Payable and Receivable,"Oracle Accounts Payable refers to a financial management module within the Oracle ERP system that facilitates the processing of vendor invoices and payments. This skill encompasses the management of accounts payable transactions, including invoice entry, payment processing, and reconciliation of vendor accounts. Knowledge of Oracle Accounts Payable is used to ensure accurate financial reporting, maintain vendor relationships, and streamline the payment cycle by automating workflows and enhancing compliance with financial policies.",Oracle Accounts Payable,behavioral,,
126,,,,,0,Specialized Skill,,Accounts Payable and Receivable,"Accounts payable processing involves the management of a company's outstanding invoices and payments to vendors and suppliers. It requires specialized skills to ensure accuracy and timely processing of invoices, as well as maintaining good relationships with vendors. This process usually involves reviewing, verifying, and reconciling invoices, processing payments, and maintaining accurate records. Accurate and efficient accounts payable processing is crucial to maintaining positive cash flow and financial stability for a company.",Accounts Payable Processing,behavioral,,
127,,,,,0,Specialized Skill,,Accounts Payable and Receivable,"Computerized accounts payable refers to the use of software to manage financial transactions related to the payment of bills or invoices. It involves specialized skills and knowledge of accounting principles, software applications, and data management. This skill is essential for streamlining the payment process, reducing errors, improving efficiency, and ensuring financial accuracy and compliance. Software commonly used for computerized accounts payable includes QuickBooks, SAP, and Oracle.",Computerized Accounts Payable,behavioral,,
128,,,,,0,Specialized Skill,,Accounts Payable and Receivable,"Cash Application is the process of accurately and timely posting incoming payments to an organization's accounts receivable system. It requires specialized skills such as attention to detail, organizational skills, and proficiency in accounting software. The process ensures that payments are correctly allocated to outstanding invoices and helps to keep track of outstanding balances. It is a critical function for organizations to maintain an accurate and up-to-date cash position.",Cash Application,technical,,
129,,,,,0,Specialized Skill,,Accounts Payable and Receivable,"Customer payment analysis is the process of analyzing a company's customers' payment behaviors to identify patterns and trends. This includes evaluating payment frequency, timeliness, and the amount of money owed. The purpose of customer payment analysis is to ensure a company's timely and consistent cash flow to facilitate growth and reduce financial risks. It requires expertise in data analytics, financial management, and communication skills to effectively manage customer relationships and improve payment processes.",Customer Payment Analysis,technical,,
130,,,,,0,Specialized Skill,,Accounts Payable and Receivable,"Batch Reconciliation refers to the process of comparing and verifying batches of financial transactions to ensure accuracy and consistency in accounting records. This skill involves analyzing data from various sources, identifying discrepancies, and making necessary adjustments to maintain accurate financial reporting. Knowledge of Batch Reconciliation is used to enhance the integrity of financial statements and support compliance with regulatory requirements by ensuring that all transactions are accounted for correctly.",Batch Reconciliation,technical,,
131,,,,,0,Specialized Skill,,Accounts Payable and Receivable,Purchase Order Amendments is the process of updating or changing purchase orders that have already been issued. It requires a specialized skill because amendments must be made accurately and in compliance with purchasing policies and procedures. The ability to communicate effectively with vendors and internal stakeholders is also important in order to minimize disruptions to the procurement process.,Purchase Order Amendments,technical,,
132,,,,,0,Specialized Skill,,Accounts Payable and Receivable,"Route Settlement refers to the process of reconciling and finalizing the financial transactions associated with transportation routes. This skill involves the analysis of costs, revenues, and other financial data to ensure accurate payment and settlement between parties involved in the transportation process. Knowledge of Route Settlement is used to manage discrepancies, optimize route profitability, and maintain financial accountability within logistics and supply chain operations.",Route Settlement,technical,,
133,,,,,0,Specialized Skill,,Accounts Payable and Receivable,"Purchase order preparation is the process of creating a document that outlines the details of a proposed purchase, including the product or service to be purchased, the quantity needed, the agreed-upon price, and the payment terms. It requires a specialized skill set, including knowledge of procurement processes and understanding of vendor management practices. Effective purchase order preparation can help businesses avoid costly mistakes and ensure timely delivery of goods or services.",Purchase Order Preparation,technical,,
134,,,,,0,Specialized Skill,,Accounts Payable and Receivable,"Accounts Receivable Management is the process of coordinating and streamlining the collection of outstanding debts owed to a business. It involves monitoring and tracking customer payments, following up on overdue accounts, and implementing procedures to reduce the risk of non-payment. Effective accounts receivable management requires a specialized skill set that includes communication, organization, attention to detail, and an understanding of financial systems and principles. A well-managed accounts receivable process can help businesses maintain healthy cash flow and reduce the risk of default or bad debt.",Accounts Receivable Management,behavioral,,
135,,,,,0,Specialized Skill,,Accounts Payable and Receivable,"MetaViewer refers to a tool designed for visualizing and analyzing complex data sets in a structured manner. This skill encompasses the ability to interpret various data formats and present them in an accessible visual format, facilitating better understanding and decision-making. Knowledge of MetaViewer is used to enhance data analysis processes by enabling users to create interactive visual representations, identify trends, and derive insights from large volumes of information.",MetaViewer,technical,,
136,,,,,0,Specialized Skill,,Accounts Payable and Receivable,"Accounts Payable refers to the financial process of managing and processing a company's obligations to pay off short-term debts to its creditors. This skill encompasses the tracking of invoices, ensuring timely payments, and maintaining accurate financial records to support cash flow management. Knowledge of Accounts Payable is used to facilitate efficient financial operations, enhance vendor relationships, and ensure compliance with financial regulations by systematically managing payment schedules and resolving discrepancies.",Accounts Payable,behavioral,,
137,,,,,0,Specialized Skill,,Accounts Payable and Receivable,"Accounts Receivable refers to the financial process of tracking and managing money owed to a business by its customers for goods or services provided on credit. This skill encompasses the recording of invoices, monitoring payment schedules, and following up on overdue accounts to ensure timely collection of funds. Knowledge of Accounts Receivable is used to maintain accurate financial records, improve cash flow, and support overall financial health by minimizing outstanding debts.",Accounts Receivable,behavioral,,
138,,,,,0,Specialized Skill,,Accounts Payable and Receivable,"Accounts Payable Automation involves the use of software to streamline and automate the manual processes involved in invoice processing, expenses management, and vendor payments. It requires specialized skills and expertise in configuring and integrating the software, managing data, and ensuring compliance with regulatory requirements. The goal of Accounts Payable Automation is to improve efficiency, accuracy, and control while reducing costs and the risk of errors and fraud.",Accounts Payable Automation,behavioral,,
139,,,,,0,Specialized Skill,,Accounts Payable and Receivable,"Accounts Payable Fundamentals refers to the essential processes and principles involved in managing a company's obligations to pay off short-term debts to its creditors. This skill encompasses understanding invoice processing, payment authorization, and record-keeping practices that ensure timely and accurate payments. Knowledge of Accounts Payable Fundamentals is used to maintain financial accuracy, manage cash flow, and uphold supplier relationships by ensuring that all financial commitments are met efficiently.",Accounts Payable Fundamentals,behavioral,,
140,,,,,0,Specialized Skill,,Accounts Payable and Receivable,"Accounts Receivable/Billing Fundamentals refers to the essential principles and processes involved in managing incoming payments and invoicing for goods and services provided. This skill encompasses understanding billing cycles, payment terms, and the tracking of outstanding invoices to ensure timely collection of funds. Knowledge of Accounts Receivable/Billing Fundamentals is used to maintain accurate financial records, improve cash flow, and support overall financial health by minimizing overdue accounts and enhancing customer relationships.",Accounts Receivable/Billing Fundamentals,behavioral,,
142,,,,,0,Certification,,Accounts Payable and Receivable,"Certified Accounts Payable Associate (CAPA) is a professional certification that verifies an individual's expertise in accounts payable, including the knowledge of accounting principles and software applications that are typically used in accounts payable. This certification is offered by the Institute of Finance and Management (IOFM). CAPA certification provides individuals with a competitive edge in the market, helping them to advance their careers and increase earning potentials.",Certified Accounts Payable Associate (CAPA),behavioral,,
143,,,,,0,Specialized Skill,,Accounts Payable and Receivable,"Days Sales Outstanding refers to a financial metric that measures the average number of days it takes for a company to collect payment after a sale has been made. This skill involves analyzing accounts receivable and sales data to assess the efficiency of a company's credit and collection processes. Knowledge of Days Sales Outstanding is used to identify trends in cash flow, evaluate customer payment behavior, and implement strategies to improve collection times and reduce outstanding debts.",Days Sales Outstanding,technical,,
144,,,,,0,Specialized Skill,,Accounts Payable and Receivable,"Payment Schedule refers to a structured plan that outlines the timing and amounts of payments to be made for goods, services, or financial obligations. This skill involves the ability to create, manage, and adjust payment timelines to ensure timely transactions and adherence to contractual agreements. Knowledge of Payment Schedule is used to facilitate budgeting, cash flow management, and financial planning by providing clarity on payment expectations and deadlines.",Payment Schedule,technical,,
145,,,,,0,Specialized Skill,,Accounts Payable and Receivable,"SAP Accounts Payable is a software system used in financial accounting to manage and track the company's payments to vendors and suppliers. It includes features such as scanning and processing invoices, managing vendor master records, reconciling accounts, and generating reports. A specialized skill in SAP Accounts Payable involves expertise in configuring, customizing, and optimizing the software to meet the unique needs of a business.",SAP Accounts Payable,behavioral,,
146,,,,,0,Common Skill,,Accounts Payable and Receivable,"Collections is the process of recovering outstanding debts from clients or customers who have not paid their bills on time. This involves contacting them via phone, email, or mail to negotiate payment plans or repayment schedules. It requires strong communication, negotiation, and organizational skills, as well as an understanding of relevant laws and regulations. Collections is a common skill needed in a variety of industries, from banking and finance to healthcare and retail.",Collections,technical,,
147,,,,,0,Specialized Skill,,Accounts Payable and Receivable,"Receiving Procedures refer to the systematic processes involved in accepting and inspecting goods delivered to a facility. This skill encompasses the verification of shipment contents against purchase orders, assessment of product condition, and documentation of any discrepancies or damages. Knowledge of Receiving Procedures is used to ensure accurate inventory management, maintain quality control, and facilitate efficient supply chain operations by establishing clear protocols for handling incoming materials.",Receiving Procedures,technical,,
148,,,,,0,Specialized Skill,,Accounts Payable and Receivable,"Purchase Order Reconciliation is the process of matching purchase orders with invoices and payments to ensure all transactions are accounted for correctly. It requires attention to detail, accuracy, and knowledge of accounting principles and software systems. This skill is important for preventing errors and fraud, managing cash flow, and providing accurate financial reporting.",Purchase Order Reconciliation,technical,,
149,,,,,0,Specialized Skill,,Accounts Payable and Receivable,"Accounts Payable Workflow Systems is a software system that automates and streamlines the accounts payable process, eliminating manual tasks and errors. It involves creating, submitting, and approving invoices and payments within a defined workflow. Users with specialized skills in this area are able to implement, configure, and maintain the software system, ensuring the smooth running of the accounts payable process.",Accounts Payable Workflow Systems,behavioral,,
150,,,,,0,Certification,,Accounts Payable and Receivable,"Accounts Receivable Certification is a professional credential that certifies an individual's expertise in managing and overseeing the collection of payments from customers. It is awarded to individuals who have demonstrated knowledge and skills in areas such as accounting, financial analysis, customer service, and collection practices. The certification program typically involves passing an exam and completing continuing education requirements to maintain the credential. Accounts Receivable Certification is recognized by employers as a way to validate an individual's expertise in this important area of business.",Accounts Receivable Certification,behavioral,,
151,,,,,0,Certification,,Accounts Payable and Receivable,"Accredited Payables Manager (APM) is a certification program offered by the Institute of Financial Operations that is designed for professionals who manage accounts payable in their organizations. The certification validates the knowledge, skills, and abilities of the professionals in this field and enhances their credibility and career prospects. The APM program covers various aspects of accounts payable such as management, compliance, control, and technology. Candidates must pass an exam to earn the certification.",Accredited Payables Manager,technical,,
152,,,,,0,Specialized Skill,,Accounts Payable and Receivable,"Vendor Payments is the skill of managing and executing financial transactions to external suppliers or service providers. It involves the systematic disbursement of funds to fulfill financial obligations with vendors. This skill encompasses the use of payment systems, adherence to payment schedules, and maintaining accurate financial records, ensuring smooth and timely interactions with external entities providing goods or services.",Vendor Payments,technical,,
153,,,,,0,Specialized Skill,,Accounts Payable and Receivable,"Accounts Payable Management refers to the processes and systems used to manage an organization's obligations to pay off short-term debts to its creditors or suppliers. Accounts Payable Management involves tasks such as tracking invoices, processing payments, and reconciling account statements. This skill ensures timely payments, maintains accurate records, and helps manage cash flow effectively. It also includes implementing controls to prevent fraud and errors.",Accounts Payable Management,behavioral,,
154,,,,,0,Certification,,Accounts Payable and Receivable,"Association of Accounting Technicians refers to knowledge and application of accounting principles as defined by the professional body offering qualifications and support for accounting technicians. This skill involves understanding financial processes, bookkeeping, budgeting, and reporting in accordance with recognized standards. It includes proficiency in managing financial records, preparing accounts, and supporting financial decision-making within organizations. It is commonly associated with foundational accounting tasks in both public and private sectors.",Association of Accounting Technicians,technical,,
155,,,,,0,Specialized Skill,,Accounts Payable and Receivable,"Credit Card Reconciliations involve comparing credit card transactions with financial records to ensure accuracy and identify discrepancies. This process includes verifying charges, resolving errors, and maintaining accurate financial documentation.",Credit Card Reconciliations,technical,,
156,,,,,0,Specialized Skill,,Advertising,"Print advertising requires a specialized skillset that combines creativity, design, writing, and marketing expertise to create effective advertisements for print media. Successful print advertisements require careful planning, attention to detail, and an ability to communicate a clear message to the target audience. Skilled print advertising professionals can create visually appealing and persuasive ads that capture the reader's attention and drive sales for the client.",Print Advertising,technical,,
157,,,,,0,Specialized Skill,,Advertising,"Advertising Operations refers to the processes and systems involved in managing and executing advertising campaigns across various platforms. This skill encompasses the coordination of ad placements, tracking performance metrics, and optimizing campaigns to ensure effective delivery and audience engagement. Knowledge of Advertising Operations is used to streamline workflows, enhance targeting strategies, and analyze data to improve overall advertising effectiveness.",Advertising Operations,technical,,
158,,,,,0,Specialized Skill,,Advertising,"Native advertising is a form of advertising that aims to blend in with the surrounding content or media platform, rather than appearing as overt advertising. It requires specialized skills in understanding and incorporating the nuances of a particular platform or media form, as well as being able to create content that is engaging, informative, and relevant to the target audience. Successful native advertising campaigns can have a significant impact on brand awareness and sales, but require a focused strategy and attention to detail to execute effectively.",Native Advertising,technical,,
159,,,,,0,Specialized Skill,,Advertising,"Interactive advertising is a digital marketing technique that involves creating engaging advertisements that encourage users to interact with them. It requires specialized skills such as a deep understanding of consumer behavior, creativity, technical proficiency, and knowledge of various platforms and technologies. The goal of interactive advertising is to create memorable experiences that drive customer engagement, brand exposure, and ultimately, sales. As the digital landscape continues to evolve, interactive advertising remains an essential part of any comprehensive marketing strategy.",Interactive Advertising,technical,,
160,,,,,0,Specialized Skill,,Advertising,"Advertising Strategy refers to the systematic approach to planning and executing advertising campaigns to achieve specific marketing objectives. This skill involves analyzing target audiences, selecting appropriate media channels, and crafting compelling messages that resonate with consumers. Knowledge of Advertising Strategy is used to optimize brand visibility, enhance customer engagement, and drive desired actions through effective communication and positioning in the marketplace.",Advertising Strategy,technical,,
161,,,,,0,Specialized Skill,,Advertising,"Specialty advertising involves the creation and distribution of promotional products that are customized with a company's logo or message in order to increase brand awareness and promote products or services. This field requires a specialized skill set, including knowledge of marketing strategies, creativity in product design, and the ability to manage the production and distribution process effectively. Successful specialty advertising professionals must also be able to work closely with clients to ensure that their marketing goals are being met, and that the promotional products they create are effective in generating business.",Specialty Advertising,technical,,
163,,,,,0,Specialized Skill,,Advertising,"Media buying is the process of purchasing advertising space or time on various media channels to reach a target audience. It involves analyzing audience demographics, negotiating rates with media outlets, and optimizing the placement of ads to ensure maximum effectiveness. Media buying requires a specialized skill set and expertise in data analysis, market research, and advertising trends. Effective media buying can help businesses increase brand awareness, reach new customers, and generate greater ROI from advertising campaigns.",Media Buying,technical,,
164,,,,,0,Specialized Skill,,Advertising,"Advertising Sales refers to the process of selling advertising space or time to businesses and organizations seeking to promote their products or services. This skill involves understanding market trends, audience demographics, and effective communication strategies to connect advertisers with suitable media platforms. Knowledge of Advertising Sales is used to develop tailored advertising solutions that meet client objectives and maximize exposure across various channels, including print, digital, and broadcast media.",Advertising Sales,technical,,
165,,,,,0,Specialized Skill,,Advertising,"Advertising mail is a type of direct mail used to promote a product, service or business. It requires specialized skills to create effective campaigns that capture the attention of the target audience and generate desired responses. The skills include understanding market research, creating compelling copy and visuals, targeting the right audience, and measuring campaign success.",Advertising Mail,technical,,
167,,,,,0,Specialized Skill,,Advertising,"Advertising management is the process of planning, directing, and coordinating advertising campaigns and tactics to achieve desired marketing objectives. It involves strategic decision-making, budgeting, and implementation of advertising campaigns across various media channels to promote products or services effectively. Being a specialized skill, advertising managers should possess a mix of creative, analytical, and communication skills to succeed in the field.",Advertising Management,technical,,
168,,,,,0,Specialized Skill,,Advertising,"Billboards refer to large outdoor advertising structures typically found in high-traffic areas, designed to capture the attention of passersby. This skill involves the strategic placement, design, and messaging of advertisements to effectively communicate a brand or product to a broad audience. Knowledge of Billboards is used to analyze location demographics, optimize visual impact, and assess the effectiveness of advertising campaigns in driving consumer engagement.",Billboards,technical,,
169,,,,,0,Specialized Skill,,Advertising,"Broadcast Advertising refers to the practice of promoting products, services, or brands through television and radio channels. This skill involves the creation, planning, and execution of advertisements that reach a wide audience, utilizing various formats such as commercials, sponsorships, and public service announcements. Knowledge of Broadcast Advertising is used to develop effective messaging strategies, select appropriate media channels, and analyze audience engagement to enhance brand visibility and communication.",Broadcast Advertising,technical,,
354,,,,,0,Specialized Skill,,Artificial Intelligence and Machine Learning (AI/ML),"Microsoft Delve is a data discovery tool that allows users to find relevant information and content based on their usage patterns and interests within the Microsoft Office 365 platform. It analyzes a user's behavior, such as their search history, content viewed, and shared documents, to suggest other relevant documents or people to connect with. Users can also search for keywords or topics to find relevant content from across their organization. Delve uses machine learning algorithms to provide personalized experiences and improve productivity.",Microsoft Delve,technical,,
606,,,,,0,Specialized Skill,,Artificial Intelligence and Machine Learning (AI/ML),"Thermal Imaging Analysis involves the use of infrared imaging technology to detect and measure thermal energy emitted by objects, translating it into visual representations of temperature variations. This skill is applied in various fields, including medical diagnostics, building inspection, and environmental monitoring, to identify issues such as heat loss, equipment malfunctions, or potential health conditions. Thermal imaging analysis enhances decision-making by providing insights into conditions that are not visible to the naked eye, allowing for proactive maintenance and effective problem-solving. This capability is particularly useful in scenarios where temperature anomalies indicate underlying issues requiring attention.",Thermal Imaging Analysis,technical,,
905,,,,,0,Specialized Skill,,Blockchain,Elliptic Curve Digital Signature Algorithm (ECDSA) is a cryptographic algorithm used for digital signatures. It is based on the mathematical properties of elliptic curves and is widely used in secure communication systems. ECDSA offers a more secure and efficient alternative to other digital signature algorithms such as RSA. Understanding ECDSA requires specialized knowledge of mathematics and cryptography.,Elliptic Curve Digital Signature Algorithm,technical,,
937,,,,,0,Specialized Skill,,Brand Management,"Brand alignment is the process of ensuring that a company's brand identity is consistent across all channels and touchpoints. This requires expertise in marketing, design, and communications, as well as an in-depth understanding of the brand's values, mission, and target audience. A skilled brand alignment specialist can help a business establish a strong visual and messaging identity, create effective marketing campaigns, and build brand loyalty among customers.",Brand Alignment,technical,,
1314,,,,,0,Specialized Skill,,Business Intelligence Software,"SAP Analytics Cloud is a comprehensive cloud-based solution for business intelligence and data analytics. This skill allows users to visualize and analyze data from various sources, enabling informed decision-making through interactive dashboards and reports. It supports data modeling, planning, and predictive analytics, streamlining the process of turning raw data into actionable insights. By leveraging SAP Analytics Cloud, organizations can enhance their strategic planning and performance management capabilities.",SAP Analytics Cloud,technical,,
1334,,,,,0,Specialized Skill,,Business Leadership,"The Herrmann Brain Dominance Instrument (HBDI) is a specialized tool developed to determine an individual's preferred style of thinking or cognitive profile. It identifies four quadrants of the brain and helps individuals recognize their strengths and weaknesses in the way they process information. This instrument is often used in business settings for team building, leadership development, and communication training.",Herrmann Brain Dominance Instrument,technical,,
1552,,,,,0,Specialized Skill,,Business Operations,"IFS ERP refers to an enterprise resource planning software solution designed to integrate and manage core business processes across various industries. This skill encompasses knowledge of modules that facilitate financial management, supply chain operations, project management, and customer relationship management. Proficiency in IFS ERP is utilized to streamline operations, enhance data visibility, and improve decision-making by providing a unified platform for business information and processes.",IFS ERP,technical,,
1996,,,,,0,Specialized Skill,,Cloud Solutions,"Google Cloud Platform (GCP) is a collection of Cloud Computing tools and services provided by Google that allows users to build, deploy, and scale applications, websites, and services on Google's infrastructure. It also provides storage, networking, and data processing solutions for businesses and organizations of all sizes. It includes services such as Compute Engine, App Engine, Kubernetes Engine, and BigQuery for infrastructure, application deployment, and data analysis, among others. GCP can be accessed through a web interface, command-line interface, or API.",Google Cloud Platform (GCP),technical,,
1431,,,,,0,Common Skill,,Business Management,"An agenda is a list of topics or activities that will be discussed or accomplished during a meeting. It serves as a guide for the meeting, helps participants prepare for the discussion, and ensures that important items are not overlooked. A well-crafted agenda includes the meeting objective, the key considerations or issues, and the time allotted for each item. Preparing a clear and comprehensive agenda is a common skill that promotes effective meetings and improves productivity.",Agenda (Meeting),technical,,
1708,,,,,0,Specialized Skill,,Business Strategy,"Location strategy involves analyzing different locations to determine which one is most suitable for a business. It involves factors such as market size, cost of living, labor availability and cost, tax rates, infrastructure, and competition. A well-executed location strategy can help a business maximize its growth potential, reduce costs, and gain a competitive edge. However, it requires specialized skills in data analysis, research, and negotiation.",Location Strategy,technical,,
3458,,,,,0,Specialized Skill,,Data Analysis,"Analytic Applications refer to software tools and systems designed to analyze data and generate insights for decision-making. This skill encompasses the ability to utilize statistical methods, data visualization techniques, and predictive modeling to interpret complex datasets. Knowledge of Analytic Applications is used to support business intelligence, enhance operational efficiency, and inform strategic planning by transforming raw data into actionable information.",Analytic Applications,technical,,
3292,,,,,0,Specialized Skill,,Cybersecurity,"Shellcode is a type of code that hackers use to execute specific actions on a computer system. It is typically used to exploit vulnerabilities in software and gain unauthorized access to a system. Shellcode is written in assembly language and is often used to create backdoors, increase privileges, or steal data. It requires specialized knowledge and skill to create and execute effectively.",Shellcode,technical,,
2928,,,,,0,Certification,,Customer Relationship Management (CRM),"The Certified in Care Coordination and Transition Management (CCCTM) is a certification that recognizes individuals who have the knowledge and skills necessary to effectively coordinate care and manage transitions for patients. It is designed for healthcare professionals who work in care coordination, case management, social work, and other related fields. The certification process involves passing an exam that covers topics such as care coordination, transitional care, patient-centered care, healthcare quality, and healthcare systems. Holding a CCCTM certification demonstrates that an individual has met the standards set by the exam and is committed to providing high-quality care to patients.",Certified In Care Coordination And Transition Management (CCCTM),technical,,
3125,,,,,0,Specialized Skill,,Cybersecurity,"Public key cryptography is a method of encrypting data that uses two keys - a public key and a private key. The public key can be shared with anyone, while the private key is kept secret. This technology is used to secure online communication and transactions, and it requires a specialized skill set to implement and maintain.",Public Key Cryptography,technical,,
3358,,,,,0,Specialized Skill,,Cybersecurity,"Keychain refers to a digital tool designed to securely store and manage passwords, authentication credentials, and sensitive information. This skill encompasses the ability to create, retrieve, and autofill login details across various platforms and devices, enhancing user convenience and security. Knowledge of Keychain is utilized to streamline access to accounts while minimizing the risk of unauthorized access through effective password management practices.",Keychain,technical,,
5664,,,,,0,Specialized Skill,,Financial Trading,"FactSet is a financial information and analytics software that provides financial data, analytics, and research solutions to financial professionals worldwide. It offers a comprehensive suite of integrated research tools, including financial data, news, and analytics. FactSet caters to a diverse range of professionals, including investment bankers, asset managers, hedge fund managers, and equity researchers. Expertise in FactSet involves knowledge of its software applications and the ability to perform financial analysis and research using FactSet data and services.",FactSet (Analytics Software),functional,,
5138,,,,,0,Certification,,Extensible Languages and XML,"XML Master Basic is a professional certification program that covers the fundamental concepts and skills needed for using XML (eXtensible Markup Language) in various applications, including web development, data analysis, and content management. It consists of three levels: Associate, Professional, and Expert, each testing different levels of expertise in XML technologies. Obtaining XML Master Basic certification indicates that the candidate has a solid understanding of XML fundamentals and can apply them to practical situations in their careers.",XML Master Basic,technical,,
4577,,,,,0,Specialized Skill,,Databases,"Oracle Toad is a database management software tool designed to simplify database management tasks for Oracle databases. It provides various features such as database browsing and querying, schema and data comparison, code debugging, and performance tuning. Oracle Toad is used by database administrators, developers, and analysts to manage and maintain Oracle databases efficiently.",Oracle Toad,technical,,
4398,,,,,0,Specialized Skill,,Database Architecture and Administration,"Database Connection refers to the process of establishing a link between a software application and a database management system. This skill involves understanding connection protocols, authentication methods, and data retrieval techniques that facilitate the exchange of information between the application and the database. Knowledge of Database Connection is used to enable applications to perform operations such as querying, updating, and managing data efficiently while ensuring data integrity and security.",Database Connection,technical,,
4976,,,,,0,Specialized Skill,,Employee Relations,"Customized Employment is a process of identifying the unique strengths, needs, and interests of individuals with disabilities to create a job that fits their specific abilities and challenges. It requires a specialized skill set and involves the coordination of services and supports from multiple sources to ensure success in the workplace. The goal is to promote greater independence, self-determination, and inclusion for individuals with disabilities in the workforce.",Customized Employment,technical,,
4824,,,,,0,Specialized Skill,,Digital Marketing,"Mobile marketing is the practice of promoting products or services through mobile devices like smartphones and tablets. It requires a specialized skill set that includes an understanding of mobile technology, mobile app development, user behavior, search optimization, and analytics. Successful mobile marketing campaigns must be designed, executed, and optimized with a mobile-first approach to reach their intended audience effectively.",Mobile Marketing,technical,,
7161,,,,,0,Specialized Skill,,Java,"Java Management Extensions (JMX) is a set of specifications for managing and monitoring Java applications. It provides a standard interface for accessing application resources such as memory usage, thread count, and application performance metrics. JMX allows for remote monitoring, management, and configuration of Java applications, making it a valuable tool for administrators and developers. The use of JMX can improve application performance, reduce downtime, and simplify administration tasks.",Java Management Extensions,technical,,
6991,,,,,0,Specialized Skill,,IT Management,"Information Security Management involves the use of specialized techniques, technologies, and procedures to protect digital and physical assets from unauthorized access, use, disclosure, disruption, modification, or destruction. It requires a deep understanding of information security policies, risk management, compliance, and incident response, as well as strong analytical, communication, and leadership skills. Information Security Managers play a crucial role in ensuring the confidentiality, integrity, and availability of organizational information systems and data.",Information Security Management,technical,,
7071,,,,,0,Certification,,IT Management,"Apple Certified Technician denotes an individual who has been officially recognized by Apple for their proficiency in diagnosing and repairing Apple products. This certification ensures that the technician possesses the necessary skills and knowledge to perform hardware and software troubleshooting, maintenance, and repairs on Apple devices. It is used by technicians working in Apple retail stores, authorized service providers, or independently to provide quality technical support and assistance to Apple customers, ensuring the optimal functioning and longevity of their devices.",Apple Certified Technician,technical,,
7084,,,,,0,Common Skill,,IT Management,"Technology Use refers to the application of digital tools, systems, and devices to enhance productivity, communication, and operational efficiency. It involves selecting, implementing, and managing technologies to support organizational goals and daily activities. Effective use ensures improved performance and adaptability to technological advancements.",Technology Use,technical,,
6061,,,,,0,Specialized Skill,,General Networking,"Network Architecture refers to the design and structure of a computer network, encompassing the layout of hardware, software, connectivity, and communication protocols. This skill involves creating a blueprint that defines how different network components interact and function together to meet specific performance and security requirements. Knowledge of Network Architecture is used to ensure efficient data flow, optimize resource allocation, and support scalability in various environments, including enterprise networks and cloud infrastructures.",Network Architecture,technical,,
8592,,,,,0,Specialized Skill,,Network Protocols,"TCP Congestion-Avoidance Algorithm refers to a set of techniques used in the Transmission Control Protocol to manage network congestion and optimize data flow. This skill involves monitoring network traffic and adjusting the rate of data transmission to prevent packet loss and ensure efficient communication. Knowledge of TCP Congestion-Avoidance Algorithm is applied to enhance network performance by dynamically controlling the sending rate based on current network conditions, thereby improving overall throughput and reliability.",TCP Congestion-Avoidance Algorithm,technical,,
10336,,,,,0,Specialized Skill,,Process Improvement and Optimization,"Multiprocessor Extension refers to the capability of software and hardware systems to utilize multiple processors simultaneously to enhance performance and efficiency. This skill involves understanding parallel processing techniques and the architecture of multiprocessor systems, enabling the distribution of tasks across multiple processing units. Knowledge of Multiprocessor Extension is used to optimize computational tasks, improve processing speed, and manage resource allocation in complex applications, such as scientific simulations and large-scale data analysis.",Multiprocessor Extension,technical,,
10373,,,,,0,Specialized Skill,,Product Management,"Category Strategy refers to the process of defining and managing a specific category of products or services to optimize performance and drive business objectives. This skill involves analyzing market trends, consumer behavior, and competitive dynamics to develop a comprehensive plan that aligns with organizational goals. Knowledge of Category Strategy is used to enhance product assortment, pricing, and promotional activities, ensuring that the category meets customer needs while maximizing profitability.",Category Strategy,technical,,
9194,,,,,0,Specialized Skill,,Networking Hardware,"Networking hardware refers to the physical components required to connect computers, devices, and networks together to facilitate data transfer and communication. These components include routers, switches, hubs, cables, and other networking equipment. Managing and troubleshooting networking hardware requires specialized skills and knowledge in areas such as network protocols, network architecture, and network security. Effective use of networking hardware is essential for businesses, organizations, and individuals who rely on connectivity for their day-to-day operations.",Networking Hardware,technical,,
11878,,,,,0,Certification,,Software Quality Assurance,"Oracle Argus Certification is a professional certification program offered by Oracle Corporation that validates the skills and knowledge of individuals working with the Oracle Argus Safety software. The certification program provides a range of courses and exams that help individuals master the software's key features and functions, such as case processing, report writing, data management, and coding. The program is designed for pharmacovigilance professionals, regulatory affairs professionals, and clinical research associates who want to enhance their skills and advance their careers in the field of drug safety.",Oracle Argus Certification,technical,,
11543,,,,,0,Specialized Skill,,Social Media,FeedBurner is a tool that allows bloggers and website owners to manage and distribute RSS feeds. It helps users to track the subscribers of their feeds and analyze the traffic generated from various sources. FeedBurner also provides customizable options for optimizing RSS feeds and integrating them with social media platforms.,FeedBurner,technical,,
11251,,,,,0,Specialized Skill,,Regulation and Legal Compliance,"Microsoft Licensing, which refers to the policies and agreements for legally using Microsoft software, is used to manage the acquisition, deployment, and compliance of Microsoft products. This skill involves understanding various licensing models, such as volume licensing and subscription-based services, and ensuring adherence to licensing terms. Microsoft Licensing is essential for optimizing software costs, maintaining legal compliance, and managing software assets effectively within organizations.",Microsoft Licensing,technical,,
11850,,,,,0,Certification,,Software Quality Assurance,"SAP Certification is a certification program that validates an individual's skills and knowledge in various SAP software products. It is offered by SAP, the leading software company specializing in enterprise resource planning (ERP) systems. SAP certification can help individuals improve their career prospects in the field of information technology, and it demonstrates their proficiency in working with SAP software products. There are various levels of SAP certification, and each level requires passing specific exams.",SAP Certification,technical,,
10500,,,,,0,Specialized Skill,,Project Management,"Fastrac is a specialized software that is designed to help businesses manage their time and projects more efficiently. It helps in accelerating workflows, improving productivity, and increasing the profitability of businesses. Fastrac closely monitors the project progress, identifies areas of improvement, and automatically updates the project status for timely decision making. Its features include task management, resource allocation, risk management, reporting, and integration with other software tools.",Fastrac,technical,,
11070,,,,,0,Specialized Skill,,Regulation and Legal Compliance,"Economic torts refer to civil wrongs committed in the economic sphere, which have resulted in economic harm or loss to an individual or business. This can include actions like fraud, negligent misrepresentation, interference with contractual relations, and unfair competition. Economic torts are a specialized area of law that require a deep understanding of both economics and legal principles, and often involve complex financial and regulatory issues. Lawyers who specialize in economic torts need to have a combination of legal expertise and business acumen to effectively represent their clients and pursue their claims.",Economic Torts,technical,,
12660,,,,,0,Specialized Skill,,Tax,"Sales Tax Management Services involves the administration, calculation, and reporting of sales taxes for businesses. It requires specialized knowledge of tax rules, regulations, and exemptions. The service helps businesses achieve compliance, reduce errors, and minimize their tax liabilities. It is essential for businesses that want to maintain proper financial records and avoid audits or penalties from tax authorities.",Sales Tax Management Services,technical,,
12677,,,,,0,Specialized Skill,,Tax,"Tax planning involves analyzing a person or company's financial situation and finding ways to reduce tax liability. This requires a deep understanding of tax laws, regulations, and available strategies. A tax planner may recommend various methods, such as deductions, credits, deferrals, or restructuring, to help minimize taxes owed while also maintaining compliance with legal requirements. Effective tax planning can lead to significant savings and improved financial results.",Tax Planning,technical,,
12708,,,,,0,Specialized Skill,,Technical Support and Services,"Tier 3 Technical Support refers to the highest level of technical assistance provided to resolve complex issues that cannot be addressed by lower support tiers. This skill involves in-depth knowledge of systems, software, and hardware, enabling the identification and resolution of intricate technical problems. Knowledge of Tier 3 Technical Support is utilized to analyze and troubleshoot advanced issues, implement solutions, and provide guidance to lower support levels, ensuring efficient problem resolution and system functionality.",Tier 3 Technical Support,technical,,
